web-scraper-order,web-scraper-start-url,post-src
"1650356631-21","https://www.instagram.com/shibinjudahpaul/","https://instagram.fmaa3-2.fna.fbcdn.net/v/t51.2885-15/12822411_1722575361312606_1865769385_n.jpg?stp=dst-jpg_e35&_nc_ht=instagram.fmaa3-2.fna.fbcdn.net&_nc_cat=106&_nc_ohc=K2m1ecxGwxEAX9OhAhH&edm=APU89FABAAAA&ccb=7-4&oh=00_AT-hdXN69I2t_b-g7Mu5LtA6Hd3GoP__IsSjZfrtEmli6g&oe=6265BE88&_nc_sid=86f79a"
"1650356631-8","https://www.instagram.com/shibinjudahpaul/","https://instagram.fmaa3-2.fna.fbcdn.net/v/t51.2885-15/14279094_183381815429176_1955239711_n.jpg?stp=dst-jpg_e35&_nc_ht=instagram.fmaa3-2.fna.fbcdn.net&_nc_cat=104&_nc_ohc=QUaIPNuMQPIAX-F7i6S&edm=ABfd0MgBAAAA&ccb=7-4&oh=00_AT-OJ8CpT1J36jBIIuU88n3iTmZ-b4DqCBxeYXvevDoZrg&oe=62646E76&_nc_sid=7bff83"
"1650356631-7","https://www.instagram.com/shibinjudahpaul/","https://instagram.fmaa3-2.fna.fbcdn.net/v/t51.2885-15/14294951_1058589124239396_1302529575_n.jpg?stp=dst-jpg_e35&_nc_ht=instagram.fmaa3-2.fna.fbcdn.net&_nc_cat=100&_nc_ohc=4SPC1x5H0MEAX_0h2-o&edm=ABfd0MgBAAAA&ccb=7-4&oh=00_AT9M2sSzaJFDyPNM_HuHQlXLYGHC8CXQ5vtjgcAM0r8qag&oe=62648047&_nc_sid=7bff83"
"1650356631-10","https://www.instagram.com/shibinjudahpaul/","https://instagram.fmaa3-2.fna.fbcdn.net/v/t51.2885-15/13721097_1234707939873095_807300123_n.jpg?stp=dst-jpg_e35&_nc_ht=instagram.fmaa3-2.fna.fbcdn.net&_nc_cat=111&_nc_ohc=6zJl_3RM78IAX-DTFwn&edm=ABfd0MgBAAAA&ccb=7-4&oh=00_AT_qjyXt8RBLO-vUoNt9numEfWbT3vlsAQXE_6Mk5Y7WTg&oe=6265049D&_nc_sid=7bff83"
"1650356631-13","https://www.instagram.com/shibinjudahpaul/","https://instagram.fmaa3-2.fna.fbcdn.net/v/t51.2885-15/13117918_665623676920180_1214778110_n.jpg?stp=dst-jpg_e35&_nc_ht=instagram.fmaa3-2.fna.fbcdn.net&_nc_cat=104&_nc_ohc=SIy2VmqGP2UAX-d1KW7&tn=Lu7fYNOxX1vsyiUR&edm=APU89FABAAAA&ccb=7-4&oh=00_AT_n-Ukh1DycgOkJMrKUPd0CTuG62zOU4ZW8-ujtt-zbfw&oe=62658DA4&_nc_sid=86f79a"
"1650356631-20","https://www.instagram.com/shibinjudahpaul/","https://instagram.fmaa3-2.fna.fbcdn.net/v/t51.2885-15/12328263_1584869258440455_500485966_n.jpg?stp=dst-jpg_e35&_nc_ht=instagram.fmaa3-2.fna.fbcdn.net&_nc_cat=103&_nc_ohc=zL2WNd70KgwAX-LBGLr&edm=APU89FABAAAA&ccb=7-4&oh=00_AT-h9iNrWuhe0aPi9n8eScUnAYewU8HwbXpMj9JhcEskxA&oe=6264C074&_nc_sid=86f79a"
"1650356631-2","https://www.instagram.com/shibinjudahpaul/","https://instagram.fmaa3-2.fna.fbcdn.net/v/t51.2885-15/27580859_346113709223011_725033884504293376_n.jpg?stp=dst-jpg_e35_s640x640_sh0.08&_nc_ht=instagram.fmaa3-2.fna.fbcdn.net&_nc_cat=107&_nc_ohc=-4t8maKFoHUAX_UhZOE&edm=ABfd0MgBAAAA&ccb=7-4&oh=00_AT-kes8KqEvKTHQ73ZzWNXXIlCFc738d_Wi37EojcePCxw&oe=62657E5B&_nc_sid=7bff83"
"1650356631-16","https://www.instagram.com/shibinjudahpaul/","https://instagram.fmaa3-2.fna.fbcdn.net/v/t51.2885-15/13116805_1714050432189486_440298405_n.jpg?stp=dst-jpg_e35&_nc_ht=instagram.fmaa3-2.fna.fbcdn.net&_nc_cat=106&_nc_ohc=s6L_Ncl822gAX8qNAHf&edm=APU89FABAAAA&ccb=7-4&oh=00_AT_cXIEeOmOCJMbY4YgT5cginTlnrpzUEpDBwjeq2k5xBw&oe=62662A18&_nc_sid=86f79a"
"1650356631-24","https://www.instagram.com/shibinjudahpaul/","https://instagram.fmaa3-2.fna.fbcdn.net/v/t51.2885-15/12545267_909491019147705_223663195_n.jpg?stp=dst-jpg_e35&_nc_ht=instagram.fmaa3-2.fna.fbcdn.net&_nc_cat=109&_nc_ohc=FZLQagcpYU4AX_YWzzj&edm=APU89FABAAAA&ccb=7-4&oh=00_AT_m_-TyEHQqmcnD_iizMNJQmsSKwr2_LeM5vZ4mVoaVLQ&oe=62664B07&_nc_sid=86f79a"
"1650356631-1","https://www.instagram.com/shibinjudahpaul/","https://instagram.fmaa3-2.fna.fbcdn.net/v/t51.2885-15/43680789_1923044514439903_5638604438017009350_n.jpg?stp=dst-jpg_e35_s640x640_sh0.08&_nc_ht=instagram.fmaa3-2.fna.fbcdn.net&_nc_cat=107&_nc_ohc=FmMJI0TU8y8AX91fMI2&edm=ABfd0MgBAAAA&ccb=7-4&oh=00_AT-7Q6oERDviUULIoW8AvaRdbmKEtD_Ao1hIOZOw_aIbFA&oe=6265A069&_nc_sid=7bff83"
"1650356631-23","https://www.instagram.com/shibinjudahpaul/","https://instagram.fmaa3-2.fna.fbcdn.net/v/t51.2885-15/12751375_1675420076062095_131952190_n.jpg?stp=dst-jpg_e35&_nc_ht=instagram.fmaa3-2.fna.fbcdn.net&_nc_cat=103&_nc_ohc=38nUQ-N32P8AX8NFwzc&edm=APU89FABAAAA&ccb=7-4&oh=00_AT-UvPKK0umXHm3isGW-xWRYhyi26HgxkfjO7JU8KG_6Sg&oe=626609DB&_nc_sid=86f79a"
"1650356631-15","https://www.instagram.com/shibinjudahpaul/","https://instagram.fmaa3-2.fna.fbcdn.net/v/t51.2885-15/13129399_1608305446122240_1161567158_n.jpg?stp=dst-jpg_e35&_nc_ht=instagram.fmaa3-2.fna.fbcdn.net&_nc_cat=100&_nc_ohc=u7dLhkAd8pMAX9X_sb0&edm=APU89FABAAAA&ccb=7-4&oh=00_AT98AXwqm3sNlREgN8M_C4l11VDs14BIJ2eeofLb0VRGvQ&oe=6265E252&_nc_sid=86f79a"
"1650356631-17","https://www.instagram.com/shibinjudahpaul/","https://instagram.fmaa3-2.fna.fbcdn.net/v/t51.2885-15/12519567_1729789793902112_1422921108_n.jpg?stp=dst-jpg_e35_s640x640_sh0.08&_nc_ht=instagram.fmaa3-2.fna.fbcdn.net&_nc_cat=108&_nc_ohc=aNT0i_XOVBgAX9os0M4&edm=APU89FABAAAA&ccb=7-4&oh=00_AT_ZLOq4ZuEC_NF1oPPMeBNU-YhvvccDqRnShAqZcPpSQg&oe=626473FB&_nc_sid=86f79a"
"1650356631-19","https://www.instagram.com/shibinjudahpaul/","https://instagram.fmaa3-2.fna.fbcdn.net/v/t51.2885-15/12907268_251096248564474_643761974_n.jpg?stp=dst-jpg_e35&_nc_ht=instagram.fmaa3-2.fna.fbcdn.net&_nc_cat=110&_nc_ohc=kzyKnt8-DbgAX-ShwoP&edm=APU89FABAAAA&ccb=7-4&oh=00_AT8sqmhHiaGuP3FX-WOiNCeh4MheU7ibtMateAU17kVjrA&oe=6265137E&_nc_sid=86f79a"
"1650356631-4","https://www.instagram.com/shibinjudahpaul/","https://instagram.fmaa3-2.fna.fbcdn.net/v/t51.2885-15/19534052_1220118584765485_8788768831658000384_n.jpg?stp=dst-jpg_e35_s640x640_sh0.08&_nc_ht=instagram.fmaa3-2.fna.fbcdn.net&_nc_cat=101&_nc_ohc=anC8ZDmbGroAX8udcZa&edm=ABfd0MgBAAAA&ccb=7-4&oh=00_AT-vdZ1_88hN95x4h1RCR-SlHeRzAyJ52k0wJV3JSH1vSA&oe=6265D0A4&_nc_sid=7bff83"
"1650356631-18","https://www.instagram.com/shibinjudahpaul/","https://instagram.fmaa3-2.fna.fbcdn.net/v/t51.2885-15/12383655_462616620603703_11630709_n.jpg?stp=dst-jpg_e35&_nc_ht=instagram.fmaa3-2.fna.fbcdn.net&_nc_cat=107&_nc_ohc=lY55ua9Lv4gAX_4ZFoI&edm=APU89FABAAAA&ccb=7-4&oh=00_AT_0F0c0BKK2vdTJbKV0OrOuIllJro764cOqNeL74Dfemg&oe=62652F2B&_nc_sid=86f79a"
"1650356631-6","https://www.instagram.com/shibinjudahpaul/","https://instagram.fmaa3-2.fna.fbcdn.net/v/t51.2885-15/14583296_1203761576350357_1255731047304265728_n.jpg?stp=dst-jpg_e35&_nc_ht=instagram.fmaa3-2.fna.fbcdn.net&_nc_cat=101&_nc_ohc=AKTPkForNSQAX_ViMUP&edm=ABfd0MgBAAAA&ccb=7-4&oh=00_AT8m_p3tcwvkIdwYDku159aJccqpeUpixHHl_g0tnmP0sw&oe=626589EF&_nc_sid=7bff83"
"1650356631-11","https://www.instagram.com/shibinjudahpaul/","https://instagram.fmaa3-2.fna.fbcdn.net/v/t51.2885-15/13267410_221568924894679_126495727_n.jpg?stp=dst-jpg_e35&_nc_ht=instagram.fmaa3-2.fna.fbcdn.net&_nc_cat=107&_nc_ohc=GcmVCccP1RQAX-HWkUK&edm=ABfd0MgBAAAA&ccb=7-4&oh=00_AT-cRpojtilNB2dDnthIFAp9pMBRhf28fz3LvWkFS5zL8g&oe=6265354A&_nc_sid=7bff83"
"1650356631-3","https://www.instagram.com/shibinjudahpaul/","https://instagram.fmaa3-2.fna.fbcdn.net/v/t51.2885-15/20214174_475331696163415_5242841667416883200_n.jpg?stp=dst-jpg_e35_s640x640_sh0.08&_nc_ht=instagram.fmaa3-2.fna.fbcdn.net&_nc_cat=107&_nc_ohc=w8k6SNXeioUAX8w4A0y&edm=ABfd0MgBAAAA&ccb=7-4&oh=00_AT9z55kilklQpuAmXjAoXOJ_exwpO1mb8PZFu0QCPvx_7w&oe=6265A043&_nc_sid=7bff83"
"1650356631-14","https://www.instagram.com/shibinjudahpaul/","https://instagram.fmaa3-2.fna.fbcdn.net/v/t51.2885-15/13116545_1714579075496811_68470587_n.jpg?stp=dst-jpg_e35&_nc_ht=instagram.fmaa3-2.fna.fbcdn.net&_nc_cat=103&_nc_ohc=saiMvTpuNpEAX9WZ_St&edm=APU89FABAAAA&ccb=7-4&oh=00_AT82SC4EmU4Nj8jrdSl05515ix82oQe36zJ4Lw5nyEq9MA&oe=626619C6&_nc_sid=86f79a"
"1650356631-9","https://www.instagram.com/shibinjudahpaul/","https://instagram.fmaa3-2.fna.fbcdn.net/v/t51.2885-15/14032909_308890656142325_472700876_n.jpg?stp=dst-jpg_e35&_nc_ht=instagram.fmaa3-2.fna.fbcdn.net&_nc_cat=105&_nc_ohc=dDRIk75r__gAX-Rc8I4&edm=ABfd0MgBAAAA&ccb=7-4&oh=00_AT-Hy2VpQsxD_dZKWhONBKuinDvAd4lDV_9MSeR8nHClhQ&oe=6265AA3F&_nc_sid=7bff83"
"1650356631-22","https://www.instagram.com/shibinjudahpaul/","https://instagram.fmaa3-2.fna.fbcdn.net/v/t51.2885-15/12328482_975923135817175_565632147_n.jpg?stp=dst-jpg_e35&_nc_ht=instagram.fmaa3-2.fna.fbcdn.net&_nc_cat=107&_nc_ohc=Uk1YYQhBLxcAX9BIeuY&edm=APU89FABAAAA&ccb=7-4&oh=00_AT9PSYX1VC5xOpTfalZsw-lA13T1nd-nBqX8tVvVdh8Abg&oe=62650D00&_nc_sid=86f79a"
"1650356631-12","https://www.instagram.com/shibinjudahpaul/","https://instagram.fmaa3-2.fna.fbcdn.net/v/t51.2885-15/13102464_1775147539381690_1331082359_n.jpg?stp=dst-jpg_e35&_nc_ht=instagram.fmaa3-2.fna.fbcdn.net&_nc_cat=110&_nc_ohc=zuC6Z__knBYAX_6psIW&edm=ABfd0MgBAAAA&ccb=7-4&oh=00_AT9GwaRo1sfi9QTfn_sU6Go96UX2vynOAyiOCnyfZf_mVg&oe=6265510A&_nc_sid=7bff83"
"1650356631-5","https://www.instagram.com/shibinjudahpaul/","https://instagram.fmaa3-2.fna.fbcdn.net/v/t51.2885-15/15802336_1204808116268014_891694481198284800_n.jpg?stp=dst-jpg_e35&_nc_ht=instagram.fmaa3-2.fna.fbcdn.net&_nc_cat=110&_nc_ohc=SSeV9IU8MRQAX9f160X&edm=ABfd0MgBAAAA&ccb=7-4&oh=00_AT9mJ2P94CmjPzw2NDGh3vWvub2GoG9wMYYUNAUnovn9lQ&oe=6265B0F1&_nc_sid=7bff83"
